Hortensia Dodsworth, hdodsworth0@nature.com
Donald Domotor, mdomotor1@topsy.com
Tabor Cruikshanks, tcruikshanks2@ucsd.edu
Blinni Barrow, bbarrow3@vistaprint.com
Susanne Sowray, ssowray4@etsy.com
Gaven Pettwood, gpettwood9@unc.edu
Brandtr Sherlaw, bsherlawa@zdnet.com
Margalo Argo, margob@shinystat.com
Anitra Danslow, adanslowc@bandcamp.com
Brittaney Calvey, bcalveyd@mail.ru
Randie Baddiley, rbaddileye@java.com
Ibby Hedon, ihedonf@nih.gov
Montgomery Radbourn, mradbourng@nps.gov
Michele Tonge, mtongeh@army.mil
Enrico Rickwood, erickwoodi@etsy.com
Lynnette Jesteco, ljestecoj@cornell.edu
Lexi Somerville, lsomervillek@addthis.com
Farris Brumhead, fbrumheadl@t.co
Donelle Sowray, dsowraym@google.co.jp
Ronny Lucks, rlucksn@nih.gov
Lurline Radleigh, lradleigho@moonfruit.com
Anne-marie Lescop, alescopp@reddit.com
Penny Cockson, pcocksonq@yellowbook.com
Amble Bassett, abassettr@nifty.com
Hamnet Terzi, hterzis@canalblog.com
Leona O'Docherty, lodochertyt@jugem.jp
Christy Treece, ctreeceu@networksolutions.com
Cosetta Stanistreet, cstanistreetv@cpanel.net
Aviva Moughton, amoughtonw@usda.gov
Eziechiele Corrison, ecorrisonx@google.de
Kenneth Chamberlayne, kchamberlayney@spiegel.de
Jacinthe Donisi, jdonisiz@cornell.edu
Emmalee Awton, eawton10@elegantthemes.com
Elyn Tureville, etureville11@apache.org
Jacintha Almey, jalmey12@merriam-webster.com
Jenny Ciementini, jciementini13@constantcontact.com
Wilma Murden, wmurden14@va.gov
Giuditta Okker, gokker15@qq.com
Price Goodinge, pgoodinge16@blog.com
Jillana Dignum, jdignum17@guardian.co.uk
Bea Michelin, bmichelin18@google.fr
Mala Klass, mklass19@de.vu
Anthony Yokelman, ayokelman1a@360.cn
Ulrick Sussans, usussans1b@google.com.hk
Honey Cardwell, hcardwell1c@cargocollective.com
Hatty Lumsden, hlumsden1d@last.fm
Chiquia Duferie, cduferie1e@nydailynews.com
Therine Laughlin, tlaughlin1f@vimeo.com
Dedra Goding, dgoding1g@statcounter.com
La verne McAllester, lmcallester1h@ebay.com
Hailee Durbann, hdurbann1i@economist.com
Suzette Whorall, swhorall1j@icio.us
Bernita Silley, bsilley1k@cnn.com
Artur Hynde, ahynde1l@apple.com
Juliann Salerg, jsalerg1m@wiley.com
Forrester Simester, fsimester1n@domainmarket.com
Ynes Reach, yreach1o@liveinternet.ru
Adair Peverell, apeverell1p@eventbrite.com
Jaime Sinkinson, jsinkinson1q@phpbb.com
Layla Miguet, lmiguet1r@dagondesign.com
Erek Bosche, ebosche1s@pen.io
Josefa Curuclis, jcuruclis1t@zdnet.com
Neddy Rudolph, nrudolph1u@squidoo.com
Adina Hubbis, ahubbis1v@fema.gov
Hort Hutable, hhutable1w@symantec.com
Reinhold Manhood, rmanhood1x@slashdot.org
Kippy Sherrocks, ksherrocks1y@reuters.com
Sigismondo Schleicher, sschleicher1z@com.com
Merissa Kleingrub, mkleingrub20@who.int
Sampson Brandacci, sbrandacci21@fastcompany.com
Sarine Bollis, sbollis22@1und1.de
Gigi Jankowski, gjankowski23@pbs.org
Junina Cattini, jcattini24@blogs.com
Raymond Parrish, rparrish25@paypal.com
Arin Shippey, ashippey26@gravatar.com
Nikolai Lindstedt, nlindstedt27@cocolog-nifty.com
Collette Aldersey, caldersey28@cnn.com
Cristiano Elloit, celloit29@qq.com
Ariela Reinhardt, areinhardt2a@auda.org.au
Carlyn McQuilliam, cmcquilliam2b@artisteer.com
Alecia Libero, alibero2c@cpanel.net
Mathias Lannin, mlannin2d@clickbank.net
Stephanie Elphey, selphey2e@cnn.com
Boy Tocque, btocque2f@topsy.com
Sherwood Hadfield, shadfield2g@sina.com.cn
Shea Wallett, swallett2h@google.nl
Esma O' Shea, eoshea2i@live.com
Minerva Gouny, mgouny2j@earthlink.net
Colver Oxlade, coxlade2k@g.co
Nickey Mellings, nmellings2l@histats.com
Lars Nesbitt, lnesbitt2m@webs.com
Gal Conway, gconway2n@symantec.com
Una Causbey, ucausbey2o@wiley.com
Marketa Ayto, mayto2p@squidoo.com
Eduard MacIntyre, emacintyre2q@washingtonpost.com
Melodee Bridgman, mbridgman2r@engadget.com
John Brook, brook@john.com
John Brook, brook@john.com
John Brook, brook@john.com
John Brook, brook@john.com
